dataset_id,name,group,measurement_method,published_count,species,region,attributes,data_license,source_url,paper_doi,paper_url,limitations
DS-ZENODO-13759407,Tropical leaf-wood TLS,core,TLS,148 trees,source species/plot table,Australia,XYZ; leaf=0 / wood=1; manually annotated,CC-BY-4.0,https://zenodo.org/records/13759407,10.1016/j.isprsjprs.2025.06.023,https://doi.org/10.1016/j.isprsjprs.2025.06.023,"The source has manual leaf and wood labels. Preserve the source training, validation, and test groups."
DS-ZENODO-15395386,BCI tropical TLS,core,TLS,201 trees; 176 trees with QSM,tropical forest species,Panama,Separate leaf/wood point clouds; repeated QSM fits,CC-BY-4.0,https://zenodo.org/records/15395386,,,Leaf and wood files can describe the same tree. Several QSM fits can describe one tree. The source has no confirmed paper link.
DS-ZENODO-21515256,Quebec hardwood MLS,core,MLS,98 trees,2 species: Acer saccharum; Betula alleghaniensis,Canada,LAZ; QSM; destructive volume; DBH; field measurements,CC-BY-4.0,https://zenodo.org/records/21515256,,,"Tree IDs connect scans, QSMs, and field attributes. The source names a related manuscript. Its publication DOI is not confirmed."
DS-ZENODO-19621699,HuashuTrees,core,TLS,159 trees; 318 seasonal scans,7 deciduous species,"China, Nanjing",Leaf-on and leaf-off pairs; field attributes,Not confirmed for the data,https://zenodo.org/records/19621699,10.1038/s41597-026-08199-8,https://doi.org/10.1038/s41597-026-08199-8,Two seasonal scans can describe one tree. A sample release can overlap the full release. The article license does not establish the data license.
DS-ZENODO-4557401,Demol TLS validation,core,TLS,65 trees,4 species,Belgium,Clean scan clouds; QSM; destructive biomass/density,CC-BY-4.0,https://zenodo.org/records/4557401,10.1007/s00468-020-02067-7,https://doi.org/10.1007/s00468-020-02067-7,QSMs describe wood reconstructed from scans. Model file counts can differ from biological tree counts.
DS-ZENODO-16019825,EucFACE,core,TLS,116 trees in the study; release population not confirmed,Eucalyptus tereticornis,Australia,Individual tree clouds; QSM; analysis code,CC-BY-4.0,https://zenodo.org/records/16019825,10.1016/j.agrformet.2025.110708,https://doi.org/10.1016/j.agrformet.2025.110708,The study reports 116 trees. The release population can differ from the study population.
DS-ZENODO-7307956,Wytham Woods,core,"TLS, leaf-off",876 released trees; 835 in paper analysis,mixed temperate broadleaf,United Kingdom,PLY scan clouds; optimal QSM; analysis,CC-BY-4.0,https://zenodo.org/records/7307956,10.1002/2688-8319.12197,https://doi.org/10.1002/2688-8319.12197,The release has 876 trees. The study uses 835 trees. PLY and TXT files can describe the same tree.
DS-TREEML-v1,TreeML-Data,core,"TLS, leaf-off",3755 individual trees,source metadata,"Germany, Munich",Point clouds; QSM; graphs; transforms; tree/QSM attributes,CC0,https://doi.org/10.6084/m9.figshare.c.6788358.v1,10.1038/s41597-023-02873-x,https://doi.org/10.1038/s41597-023-02873-x,The source covers 40 urban surveys. QSMs and graphs are derived models. Source coordinate transforms are necessary for spatial analysis.
DS-BIODIV3DTREES-v1,BioDiv3DTrees,core,TLS / ULS,4952 point clouds; 3386 QSMs,19 species; QSM subset 14 broadleaf species,source study areas,Scan clouds; species labels; QSM; graphs,CC-BY-4.0,https://doi.org/10.25625/8PB1IF,10.1038/s41597-025-06421-7,https://doi.org/10.1038/s41597-025-06421-7,"TLS, ULS, QSMs, and graphs can describe the same trees. Counts from these forms must not be added."
DS-ZENODO-13255198,FOR-species20K,core,TLS / MLS / ULS,over 20000 point clouds,33 species,multi-region collection,Species metadata; mixed scanning modalities,GPL-3.0-or-later (record),https://zenodo.org/records/13255198,10.1111/2041-210X.14503,https://doi.org/10.1111/2041-210X.14503,This collection includes other sources. Its test species labels are withheld. Component data can have different license terms.
DS-CZECH-TREES-v1,Central European TLS trees,core,TLS,3618 segmented scan clouds,12 species,Czech Republic,Leaf-on/off scans; measured traits; structural metadata,CC-BY-NC-4.0,https://doi.org/10.48700/datst.xkadt-0cb92,10.1016/j.dib.2026.113021,https://doi.org/10.1016/j.dib.2026.113021,Only the measured scan subset is in scope. Procedural foliage and simulated ALS are excluded. Subsets can overlap the full release.
DS-SYSSIFOSS-v1,SYSSIFOSS,core,TLS / ULS / ALS,12 plots; no unique tree count stated,source tree traits,Germany,Matched scan modalities; traits; acquisition metadata,See the source record,https://doi.org/10.1594/PANGAEA.942856,10.5194/essd-14-2989-2022,https://doi.org/10.5194/essd-14-2989-2022,The source connects measurements from different platforms. PyTreeDB is a source index. It is not a separate population of trees.
DS-TREESCANPL10K-v1,TreeScanPL10K,core,TLS plot clouds with tree IDs,Paper: 10417 trees; release table: 10447 source-file/treeID keys; 272 plots,30 non-unknown source labels; includes the genus-level Quercus species label,Poland,"Plot point clouds: treeID, treeSP, completelyInside. Release table: species, species_code, completely_inside",CC-BY-4.0,https://zenodo.org/records/19127709,10.1038/s41597-026-07269-1,https://doi.org/10.1038/s41597-026-07269-1,The paper and release table have different counts. The reason is unknown. The boundary flag does not measure occlusion.
DS-IRLTREES3D-v1,IRLTrees3D,core,Image-based reconstruction,Tree subset count not confirmed,mixed trees; source also contains other objects,Ireland,Images; scan-derived geometry; reconstruction benchmark,Not confirmed for the data,https://IRLTrees3D.reliable-ai.org,,https://openaccess.thecvf.com/content/ICCV2025W/SEA/papers/Chai_IRLTrees3D_A_3D_Reconstruction_Dataset_of_Trees_ICCVW_2025_paper.pdf,"Geometry comes from real images. The tree subset needs a source inventory. Images, meshes, and 3DGS are different data forms."
DS-ZENODO-15362444,Shivalik lidar,core,TLS / ALS,Source count not confirmed,subtropical forest species,India,Leaf/wood classification and field references,CC-BY-4.0 metadata; restricted data access,https://zenodo.org/records/15362444,10.1038/s41597-026-06674-w,https://doi.org/10.1038/s41597-026-06674-w,Source data access is restricted. The source pointer can resolve to version 17566270. An open paper does not imply open data.
DS-JARVSELJA-SHOOTS-v1,Järvselja shoots,auxiliary,Blue-light 3D scanning,10 measured shoots,5 Scots pine; 5 Norway spruce shoots,Estonia,Measured needle/shoot STL; source images,CC-BY-4.0,https://doi.org/10.17632/rs3f6trdvw.1,10.1016/j.rse.2023.113568,https://doi.org/10.1016/j.rse.2023.113568,The measurements describe shoots and needles. These organs are not complete trees.
DS-TREELEARN-v1,TreeLearn,auxiliary,MLS,156 manually annotated benchmark trees; 6665 automatically labelled training trees,source forest metadata,source forest sites,Instance segmentation labels; raw plot clouds,see separate GRO source releases,https://github.com/ecker-lab/TreeLearn,,https://arxiv.org/pdf/2309.08471,Manual benchmark labels and automatic training labels have different roles. They must be kept separate.
DS-DIGIFORESTS-v1,DigiForests,auxiliary,Repeated MLS surveys,Repeated plots; no unique tree count stated,source site metadata,Switzerland,Stem and crown labels; tree instances; repeated surveys; field attributes,See each source release,https://www.ipb.uni-bonn.de/data/digiforest-dataset/,,https://digiforest.eu/assets/deliverables/D7_2.pdf,Repeated surveys can measure the same trees. The linked project report is not a journal article.
DS-TREESCOPE-v1,TreeScope,auxiliary,Ground lidar,More than 1800 reference stems,orchard and forest trees,source study sites,Stem mapping and reference measurements,See source terms,https://treescope.org/,,https://arxiv.org/pdf/2310.02162,This benchmark describes stems. It does not establish complete crown geometry.
