dataset_id,name,version,parent_id,role,source,path,size_bytes,checksum,retention,status,notes
DS-ZENODO-13759407,Tropical leaf–wood TLS,source record as checked 2026-10-08,,core,https://zenodo.org/records/13759407,${archive_root}/raw/DS-ZENODO-13759407,,per-file queue / MANIFEST.jsonl,A,registered,Leaf/wood geometry reference; retain official train/test splits.
DS-ZENODO-15395386,BCI tropical TLS + QSM,source record as checked 2026-10-08,,core,https://zenodo.org/records/15395386,${archive_root}/raw/DS-ZENODO-15395386,,per-file queue / MANIFEST.jsonl,A,registered,Leaf and wood files represent the same tree; QSM replicates are not additional trees. Record links no specific paper; paper attribution unresolved.
DS-ZENODO-21515256,Quebec hardwood MLS + destructive reference,source record as checked 2026-10-08,,core,https://zenodo.org/records/21515256,${archive_root}/raw/DS-ZENODO-21515256,,per-file queue / MANIFEST.jsonl,A,registered,Join by native Tree ID. Associated manuscript named in Readme.docx; publication DOI not supplied by current record.
DS-ZENODO-19621699,HuashuTrees,source record as checked 2026-10-08,,core,https://zenodo.org/records/19621699,${archive_root}/raw/DS-ZENODO-19621699,,per-file queue / MANIFEST.jsonl,A,registered,Do not count both seasons or sample/full-release overlap twice. Article license does not establish dataset license.
DS-ZENODO-4557401,Demol destructive validation TLS,source record as checked 2026-10-08,,core,https://zenodo.org/records/4557401,${archive_root}/raw/DS-ZENODO-4557401,,per-file queue / MANIFEST.jsonl,A,registered,QSM is measured-scan reconstruction of wood. Archive MAT file count is not a tree population count.
DS-ZENODO-16019825,EucFACE individual trees + QSM,source record as checked 2026-10-08,,core,https://zenodo.org/records/16019825,${archive_root}/raw/DS-ZENODO-16019825,,per-file queue / MANIFEST.jsonl,A,registered,Distinguish paper analysis population from all released files.
DS-ZENODO-7307956,Wytham Woods,source record as checked 2026-10-08,,core,https://zenodo.org/records/7307956,${archive_root}/raw/DS-ZENODO-7307956,,per-file queue / MANIFEST.jsonl,A,registered,Download PLY once; TXT is another representation of the same trees. Study boundary exclusions explain count difference.
DS-TREEML-v1,TreeML-Data,source record as checked 2026-10-08,,core,https://doi.org/10.6084/m9.figshare.c.6788358.v1,${archive_root}/raw/DS-TREEML-v1,,per-file queue / MANIFEST.jsonl,A,registered,40 urban survey projects; graphs and QSM are companion derivatives. Keep original coordinate transformations.
DS-BIODIV3DTREES-v1,BioDiv3DTrees,source record as checked 2026-10-08,,core,https://doi.org/10.25625/8PB1IF,${archive_root}/raw/DS-BIODIV3DTREES-v1,,per-file queue / MANIFEST.jsonl,A,registered,TLS/ULS and derivatives may overlap by tree. Large QSM archive is lower download priority; do not add counts across representations.
DS-ZENODO-13255198,FOR-species20K,source record as checked 2026-10-08,,core,https://zenodo.org/records/13255198,${archive_root}/raw/DS-ZENODO-13255198,,per-file queue / MANIFEST.jsonl,A,registered,Aggregates other datasets: cross-source overlap must be checked. Crown/branch completeness varies. Test species labels withheld.
DS-CZECH-TREES-v1,Central European segmented TLS trees,source record as checked 2026-10-08,,core,https://doi.org/10.48700/datst.xkadt-0cb92,${archive_root}/raw/DS-CZECH-TREES-v1,,per-file queue / MANIFEST.jsonl,A,registered,Only SEGMENTED_TREES belongs to measured library. Exclude 273 procedural foliage reconstructions and 15718 simulated ALS scenes. Seasonal clouds are not necessarily distinct trees.
DS-SYSSIFOSS-v1,SYSSIFOSS / PyTreeDB source collection,source record as checked 2026-10-08,,core,https://doi.org/10.1594/PANGAEA.942856,${archive_root}/raw/DS-SYSSIFOSS-v1,,per-file queue / MANIFEST.jsonl,A,registered,"PyTreeDB indexes these sources; it is not an independent measured population. Select detailed TLS trees for geometry, preserve matching ULS/ALS as validation."
DS-TREESCANPL10K-v1,TreeScanPL10K,source record as checked 2026-10-08,,core,https://zenodo.org/records/19127709,${archive_root}/raw/DS-TREESCANPL10K-v1,,per-file queue / MANIFEST.jsonl,A,registered,Select completelyInside=1 for uncropped crowns; plot boundary flag does not guarantee absence of scan occlusion. Must extract by plot + treeID.
DS-IRLTREES3D-v1,IRLTrees3D,source record as checked 2026-10-08,,core,https://IRLTrees3D.reliable-ai.org,${archive_root}/raw/DS-IRLTREES3D-v1,,per-file queue / MANIFEST.jsonl,A,registered,Project endpoint unavailable during check. Include only tree objects and distinguish photographs/mesh/3DGS; no automatically verified data yet. ICCVW 2025 paper available.
DS-ZENODO-15362444,Shivalik Himalaya leaf–wood lidar,source record as checked 2026-10-08,,core,https://zenodo.org/records/15362444,${archive_root}/raw/DS-ZENODO-15362444,,per-file queue / MANIFEST.jsonl,A,registered,File access restricted. User must request/download through official access mechanism; paper is open.
DS-JARVSELJA-SHOOTS-v1,Järvselja measured conifer shoots,source record as checked 2026-10-08,,auxiliary,https://doi.org/10.17632/rs3f6trdvw.1,${archive_root}/raw/DS-JARVSELJA-SHOOTS-v1,,per-file queue / MANIFEST.jsonl,A,registered,Organ-level geometry only; cannot be counted as complete trees. Helpful for needle/shoot reference.
DS-TREELEARN-v1,TreeLearn real forest benchmark,source record as checked 2026-10-08,,auxiliary,https://github.com/ecker-lab/TreeLearn,${archive_root}/raw/DS-TREELEARN-v1,,per-file queue / MANIFEST.jsonl,A,registered,Separate manual benchmark from automatic pseudo-labels. Source data: https://doi.org/10.25625/VPMPID and https://doi.org/10.25625/QUTUWU . Paper preprint arXiv:2309.08471.
DS-DIGIFORESTS-v1,DigiForests,source record as checked 2026-10-08,,auxiliary,https://www.ipb.uni-bonn.de/data/digiforest-dataset/,${archive_root}/raw/DS-DIGIFORESTS-v1,,per-file queue / MANIFEST.jsonl,A,registered,Repeated observations of the same plots are not new trees. Project research document saved; bibliography of data release papers needs completion.
DS-TREESCOPE-v1,TreeScope,source record as checked 2026-10-08,,auxiliary,https://treescope.org/,${archive_root}/raw/DS-TREESCOPE-v1,,per-file queue / MANIFEST.jsonl,A,registered,"Stem detection reference, not an assured whole-crown library. Associated paper arXiv:2310.02162."
